{"nameStats":["Govern-Economia","Govern-Infectats","Metge-Salut","Metge-Diners","Metge-Felicitat","Music-Salut","Music-Diners","Music-Felicitat","Professor-Salut","Professor-Diners","Professor-Felicitat","Productor_agrari-Salut","Productor_agrari-Diners","Productor_agrari-Felicitat"],"statValues":[0,0,0,0,0,0,0,0,0,0,0,0,0,0],"cards":{"Ratafia":{"img":"corn.png","effectsAccept":["5","5","0","0","-5","0","0","-5","0","0","-5","0","5","5"],"effectsDiscard":["-10","0","0","0","0","0","0","0","0","0","0","0","-5","-10"],"nextAccept":["Ratafia"],"nextDiscard":["Ratafia"],"description":"Sembla que els agricultors han tingut un exces d’herbes per fer ratafia. Alguns pobles s’han organitzat en cooperativa i volen comercialitzar amb aquesta beguda, vols promocionar-ne l’exportacio?","specialTags":[],"firstOfChain":true},"Vestit blau i negre":{"img":"government.png","effectsAccept":["0","0","0","0","5","0","0","5","0","0","5","0","0","5"],"effectsDiscard":["0","0","0","0","5","0","0","5","0","0","5","0","0","5"],"nextAccept":["Vestit blau i negre"],"nextDiscard":["Vestit blau i negre"],"description":"Als mitjans i a les xarxes socials s’esta parlant molt d’una imatge d’un vestit, sembla que algunes persones veuen el vestit blau i altres el veuen negre. Vostè que en pensa, el veu negre?","specialTags":[],"firstOfChain":true},"Tancar establiments":{"img":"open.png","effectsAccept":["5","10","0","0","-10","0","0","0","0","0","0","0","0","0"],"effectsDiscard":["-10","-5","0","0","5","0","0","-5","0","0","-5","0","0","-5"],"nextAccept":["Tancar establiments"],"nextDiscard":["Tancar establiments"],"description":"Sembla que els restaurants no són focus de contagis. Permetem que estiguin oberts?","specialTags":[],"firstOfChain":true},"Obrir establiments":{"img":"open.png","effectsAccept":["5","10","0","0","-10","0","0","0","0","0","0","0","0","0"],"effectsDiscard":["-10","-5","0","0","5","0","0","-5","0","0","-5","0","0","-5"],"nextAccept":["Obrir establiments"],"nextDiscard":["Obrir establiments"],"description":"Sembla que el comerç local no és focus de contagis. Permetem que estiguin oberts?","specialTags":[],"firstOfChain":true},"Prohibir concerts":{"img":"open.png","effectsAccept":["5","10","0","0","-10","0","5","10","0","0","0","0","0","0"],"effectsDiscard":["-10","-5","0","0","5","0","-5","-10","0","0","-5","0","0","-5"],"nextAccept":["Prohibir concerts"],"nextDiscard":["Prohibir concerts"],"description":"Sembla que els teatres no són focus de contagis. Permetem que estiguin oberts?","specialTags":[],"firstOfChain":true},"Permetre concerts":{"img":"open.png","effectsAccept":["5","10","0","0","-10","0","5","10","0","0","0","0","0","0"],"effectsDiscard":["-10","-5","0","0","5","0","-5","-10","0","0","-5","0","0","-5"],"nextAccept":["Permetre concerts"],"nextDiscard":["Permetre concerts"],"description":"Sembla que els espectacles culturals no són focus de contagis. Permetem que es puguin fer?","specialTags":[],"firstOfChain":true},"Ajudes Sanitat":{"img":"hospital1.png","effectsAccept":["-10","-5",5,"10","5","0","0",5,"0","0",5,"0","0",5],"effectsDiscard":["5","5",-5,"-5","-5","0","0",-5,"0","0",-5,"0","0",-5],"nextAccept":["Ajudes Sanitat"],"nextDiscard":["Ajudes Sanitat"],"description":"Després de les retallades de fa uns anys el sistema sanitari necessita una injecció de pressupost. Calen nous equipaments i contractar més personal, ho aprovem?","specialTags":[],"firstOfChain":true},"Ajudes Cultura":{"img":"government.png","effectsAccept":["-10","0","0","0",-5,"0","10","5","0","0",-5,"0","0",-5],"effectsDiscard":["5","0","0","0","0","0","-5","-5","0","0","0","0","0","0"],"nextAccept":["Ajudes Cultura"],"nextDiscard":["Ajudes Cultura"],"description":"Degut a les males condicions laborals del sector tècnic a la cultura, demanen un augment dels pressupostos a un 3% del total de l’estat, ho publiquem amb un decret llei?","specialTags":[],"firstOfChain":true},"Ajudes Sector Agrari":{"img":"tractor.png","effectsAccept":["-10","0","0","0",-5,"0","0",-5,"0","0",-5,"0","5","5"],"effectsDiscard":["5","0","0","0","0","0","0","0","0","0","0","0","-10","-10"],"nextAccept":["Ajudes Sector Agrari"],"nextDiscard":["Ajudes Sector Agrari"],"description":"Degut a la pandèmia certs sectors agrícoles no poden exportar els seus productes pels tancaments de fronteres, donem ajudes a aquest sector?","specialTags":[],"firstOfChain":true},"Ajudes Educacio":{"img":"graduated.png","effectsAccept":["-10","0","0","0",-5,"0","0",-5,"0","5","5","0","0",-5],"effectsDiscard":["5","0","0","0","0","0","0","0","0","-10","-10","0","0","0"],"nextAccept":["Ajudes Educacio"],"nextDiscard":["Ajudes Educacio"],"description":"Després de les retallades de fa uns anys el sistema educatiu necessita una injecció de pressupost. Calen nous equipaments i contractar més personal, ho aprovem?","specialTags":[],"firstOfChain":true},"Pujar impostos":{"img":"coins.png","effectsAccept":["5","0","0","-5","-5","0","-5","-5","0","-5","-5","0","-5","-5"],"effectsDiscard":["-15","0","0","0","5","0","0","5","0","0","5","0","0","5"],"nextAccept":["Pujar impostos"],"nextDiscard":["Pujar impostos"],"description":"S’han de pagar les reparacions del parlament i la catedral. Hauriem d’apujar els impostos per finançar aquests sobrecostos?","specialTags":[],"firstOfChain":true},"Baixar impostos":{"img":"coins.png","effectsAccept":["-15","0","0","5","5","0","5","5","0","5","5","0","5","5"],"effectsDiscard":["5","0","0","0",-5,"0","0",-5,"0","0",-5,"0","0",-5],"nextAccept":["Baixar impostos"],"nextDiscard":["Baixar impostos"],"description":"No es preveuen sobrecostos en un futur, hauríem d’abaixar els impostos per millorar l’opinió pública?","specialTags":[],"firstOfChain":true},"Neu artificial":{"img":"government.png","effectsAccept":["-5","5","0","0","5","0","0","5","0","0","5","0","0","5"],"effectsDiscard":["0","-5","0","0","-5","0","0","-5","0","0","-5","0","0","-5"],"nextAccept":["Neu artificial"],"nextDiscard":["Neu artificial"],"description":"Un equip d’investigadors ha publicat que les poblacions on neva la població és més feliç, hauriem d’instal·lar canons de neu al carrer?","specialTags":[],"firstOfChain":true},"Nou hospital":{"img":"hospital2.png","effectsAccept":["-10","-10","0","0","5","0","0",5,"0","0",5,"0","0",5],"effectsDiscard":["5","5","0","0","-10","0","0",-5,"0","0",-5,"0","0",-5],"nextAccept":["Nou hospital"],"nextDiscard":["Nou hospital"],"description":"Per preveure futures onades d’infectats, hauríem de construïr un hospital de campanya, assumim els sobrecostos?","specialTags":[],"firstOfChain":true},"Millora Velocitat Xarxa":{"img":"internet.png","effectsAccept":["-5","0","0","0","5","0",5,"5","0",5,"5","0","0","5"],"effectsDiscard":["0","0","0","0","-5","0","0","-5","0","0","-5","0","0","-5"],"nextAccept":["Millora Velocitat Xarxa"],"nextDiscard":["Millora Velocitat Xarxa"],"description":"Últimament més gent teletreballa, a vegades la infraestructura nacional d’internet es sobrecarrega, invertim en la millora de la velocitat de xarxa?","specialTags":[],"firstOfChain":true},"Influencers":{"img":"computer.png","effectsAccept":["-5","-5","0","0",-5,"0","0",-5,"0","0",-5,"0","0",-5],"effectsDiscard":["0","5","0","0",5,"0","0",5,"0","0",5,"0","0",5],"nextAccept":["Influencers"],"nextDiscard":["Influencers"],"description":"Un grup d’influencers han fet una campanya per rebre ajudes per millorar el seu contingut, qui sap, potser en un futur són útils, els donem les ajudes?","specialTags":[],"firstOfChain":true},"Suministrar mascaretes":{"img":"hospital1.png","effectsAccept":["-10","-5",5,"0","5","0","0","0","0","0","0","0","0","0"],"effectsDiscard":["5","5","-5","0","-10","0","0","0","0","0","0","0","0","0"],"nextAccept":["Suministrar mascaretes"],"nextDiscard":["Suministrar mascaretes"],"description":"Calen més mascaretes i respiradors, donem part del pressupost de l’estat per produir aquest material?","specialTags":[],"firstOfChain":true},"Filtracio de venta de medicaments":{"img":"government.png","effectsAccept":["0","0","0","-5","-10","0","0","0","0","0","0","0","0","0"],"effectsDiscard":["0","0","0","0","-5","0","0","-5","0","0","-5","0","0","-5"],"nextAccept":["Filtracio de venta de medicaments"],"nextDiscard":["Filtracio de venta de medicaments"],"description":"Recordes aquells tractes que vam fer fa unes setmanes amb el país del nord? Allò que vam vendre part de la reserva de material sanitari... Sembla que s’ha filtrat, ho hauriem de negar en roda de premsa?","specialTags":[],"firstOfChain":true},"Dies de festa hospitals":{"img":"hospital1.png","effectsAccept":["-10","-5","0","5","5","-5","0","-5","-5","0","-5","-5","0","-5"],"effectsDiscard":["0","5","0","-10","-10","0","0","5","0","0","5","0","0","5"],"nextAccept":["Dies de festa hospitals"],"nextDiscard":["Dies de festa hospitals"],"description":"Part del personal mèdic està molt desgastat de tant treballar, reorganitzem el personal perquè puguin tenir uns dies de descans?","specialTags":[],"firstOfChain":true},"Demanar sanitaris al extranger":{"img":"hospital1.png","effectsAccept":["-10","-5",5,"0","10",5,"0","0",5,"0","0",5,"0","0"],"effectsDiscard":["5","5","-5","0","-5",-5,"0","0",-5,"0","0",-5,"0","0"],"nextAccept":["Demanar sanitaris al extranger"],"nextDiscard":["Demanar sanitaris al extranger"],"description":"No queda més personal mèdic qualificat a qui contractar i seguim necessitant millors equipaments, demanem ajuda al país del sud?","specialTags":[],"firstOfChain":true},"Personal sanitari dormen en hotels":{"img":"hotel.png","effectsAccept":["-10","-5","0","0","5","0","0","0","0","0","0","0","0","0"],"effectsDiscard":["5","5",-5,"0","-5","0","0","0","0","0","0","0","0","0"],"nextAccept":["Personal sanitari dormen en hotels"],"nextDiscard":["Personal sanitari dormen en hotels"],"description":"Per culpa del risc de contagi que té el personal sanitari hauríem de facilitar que no vagin a dormir a les seves cases, els financem les estades en hotels?","specialTags":[],"firstOfChain":true},"Pacients dormen en hotels":{"img":"hotel.png","effectsAccept":["-10","-5","0","0",5,"0","0",5,"0","0",5,"0","0",5],"effectsDiscard":["5","5","0","0",-5,"0","0",-5,"0","0",-5,"0","0",-5],"nextAccept":["Pacients dormen en hotels"],"nextDiscard":["Pacients dormen en hotels"],"description":"Per evitar que un contagiat infecti a la seva família hauríem de facilitar que passin la quarantena en un espai aïllat, els financem les estades en hotels?","specialTags":[],"firstOfChain":true},"Nova onada":{"img":"government.png","effectsAccept":["-10","-5",5,"10","10",5,"0",-5,5,"0",-5,5,"0",-5],"effectsDiscard":["5","10",-5,"-10","-10",-5,"0","0",-5,"0","0",-5,"0","0"],"nextAccept":["Nova onada"],"nextDiscard":["Nova onada"],"description":"Després de les festes de les últimes setmanes sembla que arriba una nova onada d’infeccions. Augmentem el pressupost en sanitat per prevenir els danys?","specialTags":[],"firstOfChain":true},"Restructurar horaris personal medic":{"img":"hospital2.png","effectsAccept":["-5","-5",5,"0","5",5,"0","0",5,"0","0",5,"0","0"],"effectsDiscard":["0","5",-5,"0","-5",-5,"0","0",-5,"0","0",-5,"0","0"],"nextAccept":["Restructurar horaris personal medic"],"nextDiscard":["Restructurar horaris personal medic"],"description":"Part del personal mèdic està esgotat de les jornades tant llargues, hauríem de reorganitzar el sistema de torns dels hospitals?","specialTags":[],"firstOfChain":true},"Concurs musical a la TV":{"img":"music.png","effectsAccept":["-5","0","0","0",5,"0","5","5","0","0",5,"0","0",5],"effectsDiscard":["0","0","0","0","0","0","-10","-10","0","0","0","0","0","0"],"nextAccept":["Concurs musical a la TV"],"nextDiscard":["Concurs musical a la TV"],"description":"La conselleria de cultura recomana fer un concurs musical a la televisió pública per promoure nous talents, ho tirem endavant?","specialTags":[],"firstOfChain":true},"Anunci musical":{"img":"headphones.png","effectsAccept":["-5","0","0","0",5,"0","5",5,"0","0",5,"0","0",5],"effectsDiscard":["0","0","0","0","0","0","0","-5","0","0","0","0","0","0"],"nextAccept":["Anunci musical"],"nextDiscard":["Anunci musical"],"description":"Per la pròxima campanya de conscienciació amb el reciclatge hem pensat en fer un anunci musical, li sembla bé?","specialTags":[],"firstOfChain":true},"Baixar IVA cultura":{"img":"music.png","effectsAccept":["-5","0","0","0",5,"0",5,5,"0","0",5,"0","0",5],"effectsDiscard":["0","0","0","0","0","0","0","-5","0","0","0","0","0","0"],"nextAccept":["Baixar IVA cultura"],"nextDiscard":["Baixar IVA cultura"],"description":"Les associacions culturals afirmen que les vendes del sector han disminuït degut als preus, baixem l’IVA aplicat a la cultura?","specialTags":[],"firstOfChain":true},"Festa fill president":{"img":"music.png","effectsAccept":["-10","5","0","0","0","0","5","5","0","0","0","0","0","0"],"effectsDiscard":[5,"0","0","0","0","0","-5","-10","0","0","0","0","0","0"],"nextAccept":["Festa fill president"],"nextDiscard":["Festa fill president"],"description":"El fill del president vol una festa d’aniversari ÈPICA, contractem la banda que va guanyar el Grammy l’any passat?","specialTags":[],"firstOfChain":true},"Resultats Selectivitat":{"img":"graduated.png","effectsAccept":["-10","0","0","0",5,"0","0",5,"0",5,"5","0","0",5],"effectsDiscard":["5","0","0","0","0","0","0","0","0","0","-10","0","0","0"],"nextAccept":["Resultats Selectivitat"],"nextDiscard":["Resultats Selectivitat"],"description":"Els resultats a les últimes proves de selectivitat són preocupantment baixos, hem d’invertir en millorar el sistema educatiu, hi esta d’acord?","specialTags":[],"firstOfChain":true},"Ensenyar processos de gestions":{"img":"blackboard.png","effectsAccept":["-5","-5","0","0","0","0","0","0","0","0","5","0","0","0"],"effectsDiscard":["0","5","0","0","0","0","0","0","0","0","0","0","0","0"],"nextAccept":["Ensenyar processos de gestions"],"nextDiscard":["Ensenyar processos de gestions"],"description":"Hem pensat que per estalviar temps de cues innecessàries podríem ensenyar els processos de les gestions principals als alumnes de primària, així poden ajudar a les seves famílies, hi està d’acord?","specialTags":[],"firstOfChain":true},"Oferta professors associats":{"img":"graduated.png","effectsAccept":[5,"-5","0","0",-5,"0","0",-5,"0",-5,"-5","0","0",-5],"effectsDiscard":[-5,"5","0","0",5,"0","0",5,"0",5,"5","0","0",5],"nextAccept":["Oferta professors associats"],"nextDiscard":["Oferta professors associats"],"description":"Podríem augmentar l’oferta de places de professors associats a les universitats, així estalviaríem diners i podríem dir que les ràtios són millors.","specialTags":[],"firstOfChain":true},"Ordinadors per alumnes":{"img":"computer.png","effectsAccept":["-10",-5,"0","0",5,"0","0",5,"0","0","5","0","0",5],"effectsDiscard":[5,5,"0","0",-5,"0","0",-5,"0","0","-10","0","0",-5],"nextAccept":["Ordinadors per alumnes"],"nextDiscard":["Ordinadors per alumnes"],"description":"La bretxa tecnològica a les aules fa que molts alumnes no puguin fer classe online en condicions, comprem un ordinador a cada alumne que el necessiti?","specialTags":[],"firstOfChain":true},"Cursos online":{"img":"computer.png","effectsAccept":["-5",-5,"0","0",5,"0","0",5,"0","0","5","0","0",5],"effectsDiscard":["0","0","0","0",-5,"0","0",-5,"0","0","-10","0","0",-5],"nextAccept":["Cursos online"],"nextDiscard":["Cursos online"],"description":"Per millorar la qualitat de l’educació en remot podríem crear cursos gratuïts d’ús d’eines online per a professors, què li sembla?","specialTags":[],"firstOfChain":true},"Relaxar mesures en zona rural":{"img":"government.png","effectsAccept":["5",5,"0","0","0","0","0","0","0","0","0","0","5","5"],"effectsDiscard":["-5",-5,"0","0","0","0","0","0","0","0","0","0","-5","-10"],"nextAccept":["Relaxar mesures en zona rural"],"nextDiscard":["Relaxar mesures en zona rural"],"description":"Sembla que la pandèmia està tenint poca incidència a les zones rurals, que li sembla relaxar les mesures per poder reactivar la economia?","specialTags":[],"firstOfChain":true},"Corredor per exportar mercaderies":{"img":"government.png","effectsAccept":["5",5,"0","0","0","0","0","0","0","0","0","0","5","5"],"effectsDiscard":["-5","0","0","0","0","0","0","0","0","0","0","0","0","-5"],"nextAccept":["Corredor per exportar mercaderies"],"nextDiscard":["Corredor per exportar mercaderies"],"description":"Des del tancament de fronteres, molts productors agraris estan acumulant estoc per la falta de vies per l’exportació, habilitem un corredor segur per mercaderies?","specialTags":[],"firstOfChain":true},"Incentivar el producte km0":{"img":"corn.png","effectsAccept":["-5","0","0","0","0","0","0","0","0","0","0","0","5","5"],"effectsDiscard":["0","0","0","0","0","0","0","0","0","0","0","0","-5","-5"],"nextAccept":["Incentivar el producte km0"],"nextDiscard":["Incentivar el producte km0"],"description":"Els baixos preus que ofereixen certs importadors fa que els agricultors locals no puguin competir i acumulin estoc. Fem una campanya d’ajudes per incentivar el producte km0?","specialTags":[],"firstOfChain":true},"Incentivar el comerç local":{"img":"corn.png","effectsAccept":["-10","0","0","0",5,"0","0",5,"0","0",5,"0","5","5"],"effectsDiscard":["5","0","0","0","0","0","0","0","0","0","0","0","-10","-10"],"nextAccept":["Incentivar el comerç local"],"nextDiscard":["Incentivar el comerç local"],"description":"Per millorar la xarxa de cooperació entre productors i venedors locals hem pensat en fer una campanya per incentivar a comprar al comerç local, què li sembla? ","specialTags":[],"firstOfChain":true},"Pla de ajudes agricultors sequera":{"img":"corn.png","effectsAccept":["-5","0","0","0",-5,"0","0",-5,"0","0",-5,"0",5,5],"effectsDiscard":["0","0","0","0","0","0","0","0","0","0","0",-5,-5,-5],"nextAccept":["Pla de ajudes agricultors sequera"],"nextDiscard":["Pla de ajudes agricultors sequera"],"description":"La recent onada de sequera està fent que la producció agrària disminueixi, fem un pla d’ajudes pel sector?","specialTags":[],"firstOfChain":true},"Tractors Lmaoborghini":{"img":"tractor.png","effectsAccept":["-10","0","0","0",-5,"0","0",-5,"0","0",-5,"0","5","5"],"effectsDiscard":["5","0","0","0","0","0","0","0","0","0","0","0","0","-10"],"nextAccept":["Tractors Lmaoborghini"],"nextDiscard":["Tractors Lmaoborghini"],"description":"Per tal de millorar la eficiència dels productors agrícoles, li sembla bé comprar tractors Lmaoborghini per renovar la flota de maquinària?","specialTags":[],"firstOfChain":true},"Horts urbans":{"img":"government.png","effectsAccept":["-10",-5,"0",5,5,"0",5,5,"0",5,5,"0","-5","-5"],"effectsDiscard":["5","0","0","0","0","0","0","0","0","0","0","0","0","10"],"nextAccept":["Horts urbans"],"nextDiscard":["Horts urbans"],"description":"Els terrats dels edificis a les ciutats són espais pràcticament inútils, li sembla bé invertir en la creació d’horts en aquestes ubicacions?","specialTags":[],"firstOfChain":true},"M. Hivern":{"img":"malediccio.png","effectsAccept":["0","15","-5","0","0","-5","0","0","-5","0","0","-5","0","0"],"effectsDiscard":["0","15","-5","0","0","-5","0","0","-5","0","0","-5","0","0"],"nextAccept":["M. Hivern"],"nextDiscard":["M. Hivern"],"description":"Ha arribat l’hivern i les dades empitjoren.","specialTags":["M"],"firstOfChain":true},"M. Material Sanitari":{"img":"malediccio.png","effectsAccept":["0","5","-10","0","-10","-5","0","0","-5","0","0","-5","0","0"],"effectsDiscard":["0","5","-10","0","-10","-5","0","0","-5","0","0","-5","0","0"],"nextAccept":["M. Material Sanitari"],"nextDiscard":["M. Material Sanitari"],"description":"No arriba el material sanitari necessari","specialTags":["M"],"firstOfChain":true},"M. Paper Vater":{"img":"malediccio.png","effectsAccept":["-10","0","0","-5","0","0","-5","0","0","-5","0","0","-5","0"],"effectsDiscard":["-10","0","0","-5","0","0","-5","0","0","-5","0","0","-5","0"],"nextAccept":["M. Paper Vater"],"nextDiscard":["M. Paper Vater"],"description":"Esclata bombolla especulativa de les accions del paper de vàter","specialTags":["M"],"firstOfChain":true},"M. Moda estupida":{"img":"malediccio.png","effectsAccept":["0","0","-5","0","0","-10","0","0","-10","0","0","-10","0","0"],"effectsDiscard":["0","0","-5","0","0","-10","0","0","-10","0","0","-10","0","0"],"nextAccept":["M. Moda estupida"],"nextDiscard":["M. Moda estupida"],"description":"Els ciutadans han seguit una moda estúpida i s’estan morint per beure lleixiu","specialTags":["M"],"firstOfChain":true},"M. Vaga Sanitaria":{"img":"malediccio.png","effectsAccept":["5","10","-5","-5","0","-5","0","-5","-5","0","-5","-5","0","-5"],"effectsDiscard":["5","10","-5","-5","0","-5","0","-5","-5","0","-5","-5","0","-5"],"nextAccept":["M. Vaga Sanitaria"],"nextDiscard":["M. Vaga Sanitaria"],"description":"Es convoca una vaga per part dels sanitaris.","specialTags":["M"],"firstOfChain":true},"M. Filomena":{"img":"malediccio.png","effectsAccept":["-5","0","0","0","0","0","0","0","0","0","0","0","-10","-10"],"effectsDiscard":["-5","0","0","0","0","0","0","0","0","0","0","0","-10","-10"],"nextAccept":["M. Filomena"],"nextDiscard":["M. Filomena"],"description":"Filomena ha fet malbé part de la collita","specialTags":["M"],"firstOfChain":true},"C. Favor":{"img":"comodi.png","effectsAccept":["0","-5","5","10","10","5","0","0","5","0","0","5","0","0"],"effectsDiscard":["0","-5","5","10","10","5","0","0","5","0","0","5","0","0"],"nextAccept":["C. Favor"],"nextDiscard":["C. Favor"],"description":"El president del país del costat et demana un favor i et dona material sanitari a canvi.","specialTags":["C"],"firstOfChain":true},"C. Ajuda economica":{"img":"comodi.png","effectsAccept":["15","0","0","0","5","0","0","5","0","0","5","0","0","5"],"effectsDiscard":["15","0","0","0","5","0","0","5","0","0","5","0","0","5"],"nextAccept":["C. Ajuda economica"],"nextDiscard":["C. Ajuda economica"],"description":"Reps una ajuda econòmica d’un fons europeu","specialTags":["C"],"firstOfChain":true},"C. Or nazi":{"img":"comodi.png","effectsAccept":["10","0","0","0","-5","0","0","-5","0","0","-5","0","0","-5"],"effectsDiscard":["10","0","0","0","-5","0","0","-5","0","0","-5","0","0","-5"],"nextAccept":["C. Or nazi"],"nextDiscard":["C. Or nazi"],"description":"Han trobat un tren d’or nazi.","specialTags":["C"],"firstOfChain":true},"C. Loteria Nadal":{"img":"comodi.png","effectsAccept":["10","0","0","0","-5","0","0","-5","0","0","-5","0","0","-5"],"effectsDiscard":["10","0","0","0","-5","0","0","-5","0","0","-5","0","0","-5"],"nextAccept":["C. Loteria Nadal"],"nextDiscard":["C. Loteria Nadal"],"description":"A l’estat li ha tocat la loteria de nadal","specialTags":["C"],"firstOfChain":true},"CIM Promoure streaming":{"img":"tiket.png","effectsAccept":[-5,"0","0","0","0","0",5,"5","0","0","0","0","0","0"],"effectsDiscard":["0","0","0","0","0","0","0",-5,"0","0","0","0","0","0"],"nextAccept":["CIM Millorar Xarxa Musical"],"nextDiscard":["CIM Exp concert"],"description":"Per tal de donar més feina als músics que no tenen concerts hem pensat en fer una campanya de promoció de l’streaming, què li sembla?","specialTags":["NEXTPOS","0"],"firstOfChain":true},"CIM Exp concert":{"img":"tiket.png","effectsAccept":["-5","5","0","0","0","0","0","5","0","0","0","0","0","0"],"effectsDiscard":["5","0","0","0","0","0","-100","-100","0","0","0","0","0","0"],"nextAccept":["CIM Restriccions 1"],"nextDiscard":[],"description":"Per comprovar si realment fer concerts es un focus de contagi podriem organitzar un experiment a una sala amb les mesures necessàries per evitar contagis, ho fem?","specialTags":["NEXTPOS_A","0.15"],"firstOfChain":false},"CIM Restriccions 1":{"img":"tiket.png","effectsAccept":["0","0","0","0","0","0","0","0","0","0","0","0","0","0"],"effectsDiscard":["0","0","0","0","0","0","0","0","0","0","0","0","0","0"],"nextAccept":["CIM MS DB"],"nextDiscard":["CIM Restriccions 2"],"description":"Per fer l’experiment a la sala de concerts hauríem de fer-ho amb restriccions molt exigents?","specialTags":["NEXTPOS_D","0","NEXTPOS_A","0.25"],"firstOfChain":false},"CIM Restriccions 2":{"img":"tiket.png","effectsAccept":["0","0","0","0","0","0","0","0","0","0","0","0","0","0"],"effectsDiscard":["0","0","0","0","0","0","0","0","0","0","0","0","0","0"],"nextAccept":["CIM MC DR"],"nextDiscard":["CIM MC DN"],"description":"Per fer l’experiment a la sala de concerts hauríem de fer-ho amb restriccions moderades?","specialTags":["NEXTPOS","0.25"],"firstOfChain":false},"CIM Millorar Xarxa Musical":{"img":"tiket.png","effectsAccept":["-10","0","0","0","0","0","5","10","0","0","0","0","0","0"],"effectsDiscard":["0","0","0","0","0","0","-5","-10","0","0","0","0","0","0"],"nextAccept":["CIM Ajudes 2"],"nextDiscard":["CIM Ajudes 1"],"description":"Per tal de promoure l’streaming, invertim en la millora d’infraestructura de xarxa?","specialTags":["NEXTPOS","0.15"],"firstOfChain":false},"CIM Ajudes 1":{"img":"tiket.png","effectsAccept":["-10","-5","0","0","5","0","0","5","0","0","5","0","0","5"],"effectsDiscard":["5","5","0","0","0","0","0","-10","0","0","0","0","0","0"],"nextAccept":["CIM CS PE Internet"],"nextDiscard":["CIM CS PE Public"],"description":"Per tal de promoure l’streaming, promocionem artistes per incentius perquè usin aquest mitjà?","specialTags":["NEXTPOS","0.25"],"firstOfChain":false},"CIM Ajudes 2":{"img":"tiket.png","effectsAccept":["-10","-5","0","0","5","0","0","5","0","0","5","0","0","5"],"effectsDiscard":["5","5","0","0","0","0","0","-10","0","0","0","0","0","0"],"nextAccept":["CIM CS E"],"nextDiscard":["CIM CS PE Public"],"description":"Per tal de promoure l’streaming, promocionem artistes per incentius perquè usin aquest mitjà?","specialTags":["NEXTPOS","0.25"],"firstOfChain":false},"CIM CS PE Internet":{"img":"tiket.png","effectsAccept":["-5","0","0","0","-5","0","5","-5","0","0","-5","0","0","-5"],"effectsDiscard":["-5","0","0","0","-5","0","5","-5","0","0","-5","0","0","-5"],"nextAccept":[],"nextDiscard":[],"description":"Es comencen a realitzar concerts en streaming amb poc èxit perquè l’internet falla","specialTags":["I"],"firstOfChain":false},"CIM CS PE Public":{"img":"tiket.png","effectsAccept":["-5","0","0","0","0","0","0","-10","0","0","0","0","0","0"],"effectsDiscard":["-5","0","0","0","0","0","0","-10","0","0","0","0","0","0"],"nextAccept":[],"nextDiscard":[],"description":"Es comencen a realitzar concerts en streaming amb poc èxit per falta de públic","specialTags":["I"],"firstOfChain":false},"CIM CS E":{"img":"tiket.png","effectsAccept":["5","-5","0","0","5","0","10","10","0","0","5","0","0","5"],"effectsDiscard":["5","-5","0","0","5","0","10","10","0","0","5","0","0","5"],"nextAccept":[],"nextDiscard":[],"description":"Es comencen a realitzar concerts en streaming amb èxit","specialTags":["I"],"firstOfChain":false},"CIM MC DN":{"img":"tiket.png","effectsAccept":["0","0","0","0","0","0","0","0","0","0","0","0","0","0"],"effectsDiscard":["0","0","0","0","0","0","0","0","0","0","0","0","0","0"],"nextAccept":["ED Dades pujen","G. Success CIM"],"nextDiscard":["CIM Promoure streaming"],"description":"Ja hem fet l’experiment a la sala de concerts, les dades preses amb mesures poc exigents són bastant dolentes… Vols permetre els concerts de totes maneres?","specialTags":["RAND_BIAS_A","0.9"],"firstOfChain":false},"CIM MS DB":{"img":"tiket.png","effectsAccept":["0","0","0","0","0","0","0","0","0","0","0","0","0","0"],"effectsDiscard":["0","0","0","0","0","0","0","0","0","0","0","0","0","0"],"nextAccept":["ED Dades pujen","G. Success CIM"],"nextDiscard":["CIM Promoure streaming"],"description":"Ja hem fet l’experiment a la sala de concerts, els resultats obtinguts són un èxit… Vols permetre els concerts?","specialTags":["RAND_BIAS_A","0.1"],"firstOfChain":false},"CIM MC DR":{"img":"tiket.png","effectsAccept":["0","0","0","0","0","0","0","0","0","0","0","0","0","0"],"effectsDiscard":["0","0","0","0","0","0","0","0","0","0","0","0","0","0"],"nextAccept":["ED Dades pujen","G. Success CIM"],"nextDiscard":["CIM Promoure streaming"],"description":"Ja hem fet l’experiment a la sala de concerts, els resultats obtinguts no revelen massa informació… Vols permetre els concerts de totes maneres?","specialTags":["RAND_BIAS_A","0.6"],"firstOfChain":false},"IDI M. Recerca":{"img":"vaccine.png","effectsAccept":["-10","0","0","0","5","0","0","5","0","0","5","0","0","5"],"effectsDiscard":["0","5","0","0","-5","0","0","-5","0","0","-5","0","0","-5"],"nextAccept":["IDI M. Medicament descobert"],"nextDiscard":["IDI M. Recerca"],"description":"Hem d’iniciar les investigacions per fer front al nou virus. Com més tardem més gent morirà! Vols iniciar-les ja?!","specialTags":["NEXTPOS","0.25"],"firstOfChain":true},"IDI M. Medicament descobert":{"img":"vaccine.png","effectsAccept":["-10","0","0","0","5","0","0","0","0","0","0","0","0","0"],"effectsDiscard":["5","5","0","0","-5","0","0","0","0","0","0","0","0","0"],"nextAccept":["IDI M. Medicament Funciona"],"nextDiscard":["IDI M. Compra medicaments"],"description":"Sembla que les investigacions contra el virus estan sent fructíferes… Augmentem el pressupost per enllestir-ho abans?","specialTags":["NEXTPOS_A","0.25","NEXTPOS_D","0.1"],"firstOfChain":false},"IDI M. Compra medicaments":{"img":"vaccine.png","effectsAccept":["-10","-5","0","0","-5","0","0","0","0","0","0","0","0","0"],"effectsDiscard":["-10","-5","0","0","-5","0","0","0","0","0","0","0","0","0"],"nextAccept":["IDI M. Abandonem Projecte"],"nextDiscard":["IDI M. Abandonem Projecte"],"description":"Degut als pocs avenços que hem tingut amb el medicament, haurem de comprar els medicaments a un altre pais.","specialTags":["NEXTPOS","0","I"],"firstOfChain":false},"IDI M. Abandonem Projecte":{"img":"vaccine.png","effectsAccept":["0","0","0","0","-5","0","0","-5","0","0","-5","0","0","-5"],"effectsDiscard":["0","0","0","0","-5","0","0","-5","0","0","-5","0","0","-5"],"nextAccept":["IDI M. Recerca"],"nextDiscard":["IDI M. Recerca"],"description":"Haver de comprar el medicament a un altre país i que l’estat no doni més pressupost per la investigació, fa que els investigadors abandonin el projecte.","specialTags":["NEXTPOS","0.25","I"],"firstOfChain":false},"IDI M. Medicament Funciona":{"img":"vaccine.png","effectsAccept":["0","-10","5","0","5","5","0","5","5","0","5","5","0","5"],"effectsDiscard":["0","-10","5","0","5","5","0","5","5","0","5","5","0","5"],"nextAccept":["IDI M. Exportar Medicament"],"nextDiscard":["IDI M. Exportar Medicament"],"description":"Gràcies a l’augment de pressupost, la investigació ha conclòs amb un medicament capaç de frenar la mortalitat i expansió de virus.","specialTags":["NEXTPOS","0.15","I"],"firstOfChain":false},"IDI M. Exportar Medicament":{"img":"vaccine.png","effectsAccept":["0","0","0","0","0","0","0","0","0","0","0","0","0","0"],"effectsDiscard":["0","-10","5","0","0","5","0","0","5","0","0","5","0","0"],"nextAccept":["IDI M. Venta Medicament"],"nextDiscard":["IDI M. Medicament perd eficacia"],"description":"Donat als avanços del medicament, vols exportar part dels medicaments per compensar els costos de la investigació?","specialTags":["NEXTPOS_A","0.15","NEXTPOS_D","0.25"],"firstOfChain":false},"IDI M. Venta Medicament":{"img":"vaccine.png","effectsAccept":["10","5","0","0","0","0","0","0","0","0","0","0","0","0"],"effectsDiscard":["10","5","0","0","0","0","0","0","0","0","0","0","0","0"],"nextAccept":["IDI M. Medicament perd eficacia"],"nextDiscard":["IDI M. Medicament perd eficacia"],"description":"Els medicaments s’estan venent bé a l’estranger i ens estan reportant una injecció de diners a l’estat.","specialTags":["NEXTPOS","0.1"],"firstOfChain":false},"IDI M. Medicament perd eficacia":{"img":"vaccine.png","effectsAccept":["0","0","0","0","0","0","0","0","0","0","0","0","0","0"],"effectsDiscard":["0","0","0","0","0","0","0","0","0","0","0","0","0","0"],"nextAccept":["IDI M. Medicament descobert"],"nextDiscard":["IDI M. Medicament descobert"],"description":"El nostre medicament comença a perdre eficàcia… Haurem de començar de nou.","specialTags":["NEXTPOS","0.5","I"],"firstOfChain":false},"CO Iniciar clases online":{"img":"book.png","effectsAccept":["0","0","0","0","0","0","0","0","0","0","0","0","0","0"],"effectsDiscard":["0","0","0","0","0","0","0","0","0","0","0","0","0","0"],"nextAccept":["CO Millorar xarxa"],"nextDiscard":["ED R. Educatiu"],"description":"Per tal de reduir molt la circulació i evitar al màxim de contactes, fem que tota l’educació passi a ser en línia?","specialTags":["NEXTPOS","0"],"firstOfChain":true},"CO Millorar xarxa":{"img":"book.png","effectsAccept":["-10","0","0","0","5","0","0","5","0","0","10","0","0","5"],"effectsDiscard":["0","5","0","0","0","0","0","0","0","0","-5","0","0","0"],"nextAccept":["CO Recursos alumnes 2"],"nextDiscard":["CO Recursos alumnes 1"],"description":"Per assegurar que totes les classes es puguin fer, hauríem de millorar la infraestructura de xarxa. Invertim en millorar la cobertura arreu del territori?","specialTags":["NEXTPOS","0.25"],"firstOfChain":false},"CO Recursos alumnes 1":{"img":"book.png","effectsAccept":["-10","0","0","0","0","0","0","0","0","0","5","0","0","0"],"effectsDiscard":["5","0","0","0","0","0","0","0","0","0","-10","0","0","0"],"nextAccept":["CO Classes no agraden"],"nextDiscard":["CO Classes no funcionen"],"description":"Hi ha molts alumnes sense ordinadors que han de fer classe des del mòbil… Invertim en un ordinador per cada alumne que el necessiti?","specialTags":["NEXTPOS","0.25"],"firstOfChain":false},"CO Recursos alumnes 2":{"img":"book.png","effectsAccept":["-10","0","0","0","0","0","0","0","0","0","5","0","0","0"],"effectsDiscard":["5","0","0","0","0","0","0","0","0","0","-10","0","0","0"],"nextAccept":["CO Classes funcionen"],"nextDiscard":["CO Classes no agraden"],"description":"Hi ha molts alumnes sense ordinadors que han de fer classe des del mòbil… Invertim en un ordinador per cada alumne que el necessiti?","specialTags":["NEXTPOS","0.25"],"firstOfChain":false},"CO Classes no funcionen":{"img":"book.png","effectsAccept":["0","5","0","0","0","0","0","0","0","0","-10","0","0","0"],"effectsDiscard":["0","5","0","0","0","0","0","0","0","0","-10","0","0","0"],"nextAccept":["CO Classes presencials"],"nextDiscard":["CO Classes presencials"],"description":"Les classes en línia estan sent un desastre, no podem garantir la igualtat entre estudiants. Ens pressionen per tornar a fer classe presencial…","specialTags":["NEXTPOS","0","I"],"firstOfChain":false},"CO Classes no agraden":{"img":"book.png","effectsAccept":["0","0","0","0","0","0","0","0","0","0","-5","0","0","0"],"effectsDiscard":["0","0","0","0","0","0","0","0","0","0","-5","0","0","0"],"nextAccept":["CO Classes presencials"],"nextDiscard":["CO Classes presencials"],"description":"Estem detectant diversos casos on estudiants no poden seguir correctament les classes, i a alguns professors els costa adaptar-se a les eines virtuals. Ens pressionen per tornar a fer classe presencial…","specialTags":["NEXTPOS","0","I"],"firstOfChain":false},"CO Classes funcionen":{"img":"book.png","effectsAccept":["5","-5","0","0","5","0","0","5","0","5","10","0","0","5"],"effectsDiscard":["5","-5","0","0","5","0","0","5","0","5","10","0","0","5"],"nextAccept":[],"nextDiscard":[],"description":"Les classes en línia estant sent un èxit, les podem mantenir així fins que la pandèmia sigui erradicada.","specialTags":["I"],"firstOfChain":false},"CO Classes presencials":{"img":"book.png","effectsAccept":["0","10","0","0","-5","0","0","-5","-5","0","5","0","0","-5"],"effectsDiscard":["0","10","0","0","-5","0","0","-5","-5","0","5","0","0","-5"],"nextAccept":[],"nextDiscard":[],"description":"Donat que no es poden continuar fent les classes en línia, el govern opta per tornar a realitzar classes presencials.","specialTags":["I"],"firstOfChain":false},"ED Dades pujen":{"img":"government.png","effectsAccept":["0","0","0","0","0","0","0","0","0","0","0","0","0","0"],"effectsDiscard":["0","0","0","0","0","0","0","0","0","0","0","0","0","0"],"nextAccept":["ED R. Culturals","ED R. Agrari","ED R. Sanitari","ED R. Educatiu"],"nextDiscard":["ED R. Culturals","ED R. Agrari","ED R. Sanitari","ED R. Educatiu"],"description":"Donat les dades actuals, ens veiem forçats a imposar restriccions.","specialTags":["RAND_A","NEXTPOS","0","I"],"firstOfChain":true},"ED R. Culturals":{"img":"government.png","effectsAccept":["-10","-10","0","0","0","-10","-10","-10","0","0","0","0","0","0"],"effectsDiscard":["5","10","0","0","0","0","0","0","0","0","0","0","0","0"],"nextAccept":["ED E.R. Culturals"],"nextDiscard":["ED Dades pujen"],"description":"El sector designat per posar aquestes restriccions és el cultural, vol aplicar-les immediatament?","specialTags":["NEXTPOS_A","0.3","NEXTPOS_D","0.15"],"firstOfChain":false},"ED R. Agrari":{"img":"government.png","effectsAccept":["-10","-10","0","0","0","0","0","0","0","0","0","-10","-10","-10"],"effectsDiscard":["5","10","0","0","0","0","0","0","0","0","0","0","0","0"],"nextAccept":["ED E.R. Agrari"],"nextDiscard":["ED Dades pujen"],"description":"El sector designat per posar aquestes restriccions és el agrari, vol aplicar-les immediatament?","specialTags":["NEXTPOS_A","0.3","NEXTPOS_D","0.15"],"firstOfChain":false},"ED R. Sanitari":{"img":"government.png","effectsAccept":["10","50","-10","-10","-10","-25","0","0","-25","0","0","-25","0","0"],"effectsDiscard":["5","-5","0","0","0","0","0","0","0","0","0","0","0","0"],"nextAccept":["ED E.R. Sanitari"],"nextDiscard":["ED Dades pujen"],"description":"El sector designat per posar aquestes restriccions és el sanitari, vol aplicar-les immediatament?","specialTags":["NEXTPOS_A","0.3","NEXTPOS_D","0.15"],"firstOfChain":false},"ED R. Educatiu":{"img":"government.png","effectsAccept":["-10","-10","0","0","0","0","0","0","-10","-10","-10","0","0","0"],"effectsDiscard":["5","10","0","0","0","0","0","0","0","0","0","0","0","0"],"nextAccept":["ED E.R. Educatiu"],"nextDiscard":["ED Dades pujen"],"description":"El sector designat per posar aquestes restriccions és el educatiu, vol aplicar-les immediatament?","specialTags":["NEXTPOS_A","0.3","NEXTPOS_D","0.15"],"firstOfChain":false},"ED E.R. Culturals":{"img":"government.png","effectsAccept":["5","5","0","0","0","5","5","5","0","0","0","0","0","0"],"effectsDiscard":["0","-5","0","0","0","-10","-10","-10","0","0","0","0","0","0"],"nextAccept":["ED Normalitat"],"nextDiscard":["ED E.R. Culturals"],"description":"Creus que és un bon moment per reobrir el sector cultural ja que porta un temps tancat?","specialTags":["NEXTPOS_A","0","NEXTPOS_D","0.15"],"firstOfChain":false},"ED E.R. Agrari":{"img":"government.png","effectsAccept":["5","5","0","0","0","0","0","0","0","0","0","5","5","5"],"effectsDiscard":["0","-5","0","0","0","0","0","0","0","0","0","-10","-10","-10"],"nextAccept":["ED Normalitat"],"nextDiscard":["ED E.R. Agrari"],"description":"Creus que és un bon moment per reobrir el sector agrari ja que porta un temps tancat?","specialTags":["NEXTPOS_A","0","NEXTPOS_D","0.15"],"firstOfChain":false},"ED E.R. Sanitari":{"img":"government.png","effectsAccept":["-25","-5","15","5","5","15","0","0","15","0","0","15","0","0"],"effectsDiscard":["0","-10","-10","-10","-10","0","0","0","0","0","0","0","0","0"],"nextAccept":["ED Normalitat"],"nextDiscard":["ED E.R. Sanitari"],"description":"Creus que és un bon moment per reobrir el sector sanitari ja que porta un temps tancat?","specialTags":["NEXTPOS_A","0","NEXTPOS_D","0.15"],"firstOfChain":false},"ED E.R. Educatiu":{"img":"government.png","effectsAccept":["5","5","0","0","0","0","0","0","5","5","5","0","0","0"],"effectsDiscard":["0","-5","0","0","0","0","0","0","-10","-10","-10","0","0","0"],"nextAccept":["ED Normalitat"],"nextDiscard":["ED E.R. Educatiu","CO Iniciar clases online"],"description":"Creus que és un bon moment per reobrir el sector educatiu ja que porta un temps tancat?","specialTags":["NEXTPOS_A","0","NEXTPOS_D","0.15"],"firstOfChain":false},"ED Normalitat":{"img":"government.png","effectsAccept":["0","0","0","0","0","0","0","0","0","0","0","0","0","0"],"effectsDiscard":["0","0","0","0","0","0","0","0","0","0","0","0","0","0"],"nextAccept":[],"nextDiscard":[],"description":"S’han eliminat les restriccions imposades, tots els sectors tornen a la normalitat.","specialTags":["I"],"firstOfChain":false},"IDI S. Iniciar":{"img":"roket.png","effectsAccept":["-10","0","0","0","5","0","0","5","0","0","5","0","0","5"],"effectsDiscard":["0","0","0","0","-5","0","0","-5","0","0","-5","0","0","-5"],"nextAccept":["IDI S. Descobriment Sanitat"],"nextDiscard":["IDI S. Iniciar"],"description":"No podem oblidar les promeses electorals! Iniciem el programa d’investigador espacial? Necessitem arribar a altres planetes!","specialTags":["NEXTPOS_A","0.3","NEXTPOS_D","0.2"],"firstOfChain":true},"IDI S. Descobriment Sanitat":{"img":"roket.png","effectsAccept":["-10","0","0","0","10","0","0","0","0","0","0","0","0","0"],"effectsDiscard":["0","5","0","0","-10","0","0","0","0","0","0","0","0","0"],"nextAccept":["IDI S. Millores Salut"],"nextDiscard":["IDI S. Inversio"],"description":"Durant les investigacions d’exploració espacial s’ha descobert un procés aplicable al sistema sanitari, augmentem la inversió per accelerar els resultats?","specialTags":["NEXTPOS_A","0.25","NEXTPOS_D","0.2"],"firstOfChain":false},"IDI S. Inversio":{"img":"roket.png","effectsAccept":["-10","0","0","0","0","0","0","0","0","0","0","0","0","0"],"effectsDiscard":["0","0","0","0","0","0","0","0","0","0","0","0","0","0"],"nextAccept":["IDI S. Coet"],"nextDiscard":["IDI S. Inversio Inmediata"],"description":"Augmentem el pressupost per futurs projectes? Potser més endavant hem d’invertir i no tenim prou capital…","specialTags":["NEXTPOS_A","0.3","NEXTPOS_D","0.15"],"firstOfChain":false},"IDI S. Inversio Inmediata":{"img":"roket.png","effectsAccept":["-15","0","0","0","0","0","0","0","0","0","0","0","0","0"],"effectsDiscard":["0","0","0","0","0","0","0","0","0","0","0","0","0","0"],"nextAccept":["IDI S. Coet"],"nextDiscard":["IDI S. Abandonem Projecte"],"description":"Es necessita una inversió immediata per seguir amb les investigacions aeroespacials! Si no ho fem, perdrem tota la feina feta fins ara…","specialTags":["NEXTPOS_A","0.15","NEXTPOS_D","0"],"firstOfChain":false},"IDI S. Abandonem Projecte":{"img":"roket.png","effectsAccept":["0","0","0","0","-5","0","0","-5","0","0","-5","0","0","-5"],"effectsDiscard":["0","0","0","0","-5","0","0","-5","0","0","-5","0","0","-5"],"nextAccept":["IDI S. Iniciar"],"nextDiscard":["IDI S. Iniciar"],"description":"Donat que, aparentment, l’estat realment no està interessat en el programa espacial, els investigadors abandonen el projecte.","specialTags":["NEXTPOS","0.4","I"],"firstOfChain":false},"IDI S. Millores Salut":{"img":"roket.png","effectsAccept":["0","-10","5","0","10","5","0","0","5","0","0","5","0","0"],"effectsDiscard":["0","-10","5","0","10","5","0","0","5","0","0","5","0","0"],"nextAccept":["IDI S. Inversio"],"nextDiscard":["IDI S. Inversio"],"description":"Els investigadors han pogut desenvolupar el procés aplicable al sector sanitari, aquest sector t’ho agraeix.","specialTags":["NEXTPOS","0.1","I"],"firstOfChain":false},"IDI S. Coet":{"img":"roket.png","effectsAccept":["-10","0","0","0","5","0","0","5","0","0","5","0","0","5"],"effectsDiscard":["0","0","0","0","-5","0","0","-5","0","0","-5","0","0","-5"],"nextAccept":["IDI S. Coet Exit","IDI S. Coet Fracas","IDI S. Coet Exit i Materials"],"nextDiscard":["IDI S. Coet"],"description":"Les investigacions han permès el desenvolupament d’un coet! L’enviem a la lluna per investigar i obtenir recursos?","specialTags":["RAND_A","NEXTPOS_A","0.3","NEXTPOS_D","0.4"],"firstOfChain":false},"IDI S. Coet Exit":{"img":"roket.png","effectsAccept":["0","0","0","0","10","0","0","10","0","0","10","0","0","10"],"effectsDiscard":["0","0","0","0","10","0","0","10","0","0","10","0","0","10"],"nextAccept":["IDI S. Coet"],"nextDiscard":["IDI S. Coet"],"description":"La missió s’ha completat amb èxit, el coet ha pogut tornar a la terra.","specialTags":["NEXTPOS","0.1","I"],"firstOfChain":false},"IDI S. Coet Fracas":{"img":"roket.png","effectsAccept":["0","0","0","0","-10","0","0","-10","0","0","-10","0","0","-10"],"effectsDiscard":["0","0","0","0","-10","0","0","-10","0","0","-10","0","0","-10"],"nextAccept":["IDI S. Coet"],"nextDiscard":["IDI S. Coet"],"description":"La missió ha fracassat i els tripulants del coet han mort.","specialTags":["NEXTPOS","0.1","I"],"firstOfChain":false},"IDI S. Coet Exit i Materials":{"img":"roket.png","effectsAccept":["15","0","0","0","10","0","0","10","0","0","10","0","0","10"],"effectsDiscard":["15","0","0","0","10","0","0","10","0","0","10","0","0","10"],"nextAccept":["IDI S. Coet"],"nextDiscard":["IDI S. Coet"],"description":"La missió ha estat un èxit, el coet ha tornat a la terra i porta recursos!","specialTags":["NEXTPOS","0.1","I"],"firstOfChain":false},"PA Negociar Preus":{"img":"farm.png","effectsAccept":["0","0","0","0","0","0","0","0","0","0","0","0","0","5"],"effectsDiscard":["0","0","0","0","0","0","0","0","0","0","0","0","-5","-10"],"nextAccept":["PA Ajudes"],"nextDiscard":["PA Negociar Preus"],"description":"Per afavorir el consum als productors locals hem de regularitzar els preus en relació als supermercats, iniciem una negociació amb aquest sector?","specialTags":["NEXTPOS_A","0.1","NEXTPOS_D","0.35"],"firstOfChain":true},"PA Ajudes":{"img":"farm.png","effectsAccept":["-10","0","0","0","0","0","0","0","0","0","0","0","5","5"],"effectsDiscard":["0","0","0","0","0","0","0","0","0","0","0","0","-5","-10"],"nextAccept":["PA Exportar SP"],"nextDiscard":["PA Preu predefinit"],"description":"Sembla que els productors agraris no es posen d’acord amb els supermercats... Vols que l’estat doni part dels seus pressuposts per arribar abans a un acord?","specialTags":["NEXTPOS","0.3"],"firstOfChain":false},"PA Preu predefinit":{"img":"farm.png","effectsAccept":["-5","0","0","0","0","0","0","0","0","0","0","0","5","10"],"effectsDiscard":["0","0","0","0","0","0","0","0","0","0","0","0","-10","-10"],"nextAccept":[],"nextDiscard":["PA Exportar MP"],"description":"La negociació no està arribant a cap solució viable... Vols imposar als supermercats a vendre a un preu definit per l’estat el qual no es pot discutir?","specialTags":["NEXTPOS_D","0"],"firstOfChain":false},"PA Exportar MP":{"img":"farm.png","effectsAccept":["0","0","0","0","0","0","0","0","0","0","0","0","0","10"],"effectsDiscard":["0","0","0","0","0","0","0","0","0","0","0","0","-15","-10"],"nextAccept":["PA Exportacions Segures"],"nextDiscard":[],"description":"Els productors agraris estan cansats de negociacions, et demanen si els hi permets realitzar exportacions dels seus productes per poder guanyar-se la vida.","specialTags":["NEXTPOS_A","0.15"],"firstOfChain":false},"PA Exportar SP":{"img":"farm.png","effectsAccept":["0","0","0","0","0","0","0","0","0","0","0","0","0","5"],"effectsDiscard":["0","0","0","0","0","0","0","0","0","0","0","0","0","0"],"nextAccept":["PA Exportacions Segures"],"nextDiscard":[],"description":"Gracies a l’intervenció del estat, es van arribar a acord. El problema es que ara mateix els productors agraris tenen una sobreproducció i la volen exportar, o permets? L’estat podria recuperar part dels diners que va perdre durant la negociació.","specialTags":["NEXTPOS_A","0.15"],"firstOfChain":false},"PA Exportacions Segures":{"img":"farm.png","effectsAccept":["5","0","0","0","0","0","0","0","0","0","0","0","5","5"],"effectsDiscard":["10","0","0","0","0","0","0","0","0","0","0","0","10","5"],"nextAccept":[],"nextDiscard":["PA Virus"],"description":"Donat que la població mundial està en estat de pandèmia, vols que les nostres exportacions es realitzin seguint tots els protocols?","specialTags":["NEXTPOS_D","0.2"],"firstOfChain":false},"PA Virus":{"img":"farm.png","effectsAccept":["0","15","-5","0","-5","-5","0","-5","-5","0","-5","-5","0","-5"],"effectsDiscard":["0","15","-5","0","-5","-5","0","-5","-5","0","-5","-5","0","-5"],"nextAccept":[],"nextDiscard":[],"description":"Obviar els protocols per guanyar un extra de diners de vegades no surt tan bé com esperes... Donat que no es van seguir els protocols a l’hora d’exportar els productes s’ha introduït una nova variant del virus al nostre estat.","specialTags":["I"],"firstOfChain":false},"G. Success CIM":{"img":"tiket.png","effectsAccept":["10","0","0","0","5","0","15","10","0","0","5","0","0","5"],"effectsDiscard":["10","0","0","0","5","0","15","10","0","0","5","0","0","5"],"nextAccept":[],"nextDiscard":[],"description":"Els concerts en viu funcionen correctament amb les mesures aplicades. Bona feina!","specialTags":["I"],"firstOfChain":false}},"deck":[],"imageFolder":"cardImages","splitter":"-"}